airline,flights,avg_delay,revenue,on_time_pct
Bluewing Airlines,1958,8.829928498467824,101769123.17,0.8340143003064351
Coastal Express,1953,8.973886328725039,101407928.53,0.815668202764977
Falcon Jet,1983,7.9687342410489155,102504452.1,0.8406454866364095
Horizon Airways,2008,8.69621513944223,104709637.76,0.8311752988047809
Skylink Air,1927,9.51790347690711,100024788.39,0.809548521017125
Summit Airlines,1960,9.628061224489796,103621609.2,0.8168367346938775
