region,revenue,flights,avg_delay,avg_load_factor
Midwest,67386808.35,1405,8.893950177935944,0.8000135231316726
Northeast,135076309.71,2590,8.223938223938225,0.7970478764478763
South,198926198.75,3937,8.800863601727203,0.7946243332486665
West,212648222.34,3857,9.553020482240083,0.7937399533316049
